idClient,gender,nearLocation,partner,promoFriends,phone,contractPeriod,groupVisits,age,avgAdditionalChargesTotal,monthToEndContract,lifetime,avgClassFrequencyTotal,avgClassFrequencyCurrentMonth
1800,1,0,1,0,1,1,1,29,21.256168705279805,1,7,0.500420847523896,0.5030474724732104
2297,0,1,0,0,1,1,1,29,98.34150224252453,1,1,2.8510584599227538,2.8437326779424765
1178,0,1,0,0,1,1,0,31,66.32918998205136,1,1,1.064835069616445,0.7527307808037589
3376,1,1,1,0,1,12,0,28,59.89388941502892,9,2,1.7922419344695546,1.6006014818394934
2207,0,1,1,1,1,12,0,28,146.35732457091146,7,5,2.453571636927433,2.4020010964376457
87,1,1,1,0,1,12,1,30,251.4285935907357,11,4,1.17374771802435,1.297812288876334
2996,0,1,0,0,1,12,0,34,11.127883866898316,6,1,3.0187887001611724,2.848793627149133
3969,1,1,1,1,1,6,1,34,253.8153680221585,5,11,1.6219631356294348,1.6644469258582175
3813,0,1,1,1,1,6,1,35,384.40920282059614,6,1,0.9792356164031222,0.9632919497773934
2511,1,1,1,1,1,6,1,33,60.30236761650484,6,1,2.3813207201130115,2.5221891034388007
1828,0,1,0,0,1,6,0,24,168.92471893292333,6,1,1.2600004682077042,0.0
277,0,1,0,0,1,12,0,30,165.97774217280755,12,3,2.8817310599475534,2.9094484043399778
2220,1,1,0,0,0,6,1,24,160.51620266408364,6,1,2.8722759350221656,2.998211161480333
142,1,1,0,0,1,6,1,30,172.19943740262332,6,3,2.0573506141918423,2.026214820457785
3300,1,1,0,0,1,12,0,29,132.67143635191144,10,2,1.0774892545087078,0.5251957831822072
3935,0,1,1,0,1,6,0,32,192.3852789022296,6,7,1.965493201263719,1.9352551348259803
2492,0,1,0,0,1,1,0,33,339.39610325583686,1,7,1.957221588380751,2.0864960723806942
2566,0,1,1,1,1,6,0,35,196.44036068570875,6,3,0.6247043584771257,0.6496831911722812
3613,0,1,0,0,1,6,0,30,217.2522405284329,6,2,0.8844168480401784,0.8805690047689371
2343,1,1,0,0,1,1,1,32,424.07081667113033,1,1,1.8846850020767243,1.9692095350694496
1157,0,1,1,0,1,6,0,30,212.24770454816257,6,3,0.6345978194894437,0.6810576763232825
1131,1,1,0,0,1,6,1,28,57.888076968277474,6,2,2.6002709785965807,2.6346987456600184
3601,0,1,1,1,1,12,1,31,56.87989785434846,9,5,2.834753583941441,2.914802134756083
1754,0,1,0,0,1,1,1,32,246.6012882497685,1,3,1.3081607966948905,1.2798043326449349
1241,0,1,1,1,1,1,1,29,14.961867364790123,1,0,1.1060383718048277,0.6386804940346911
479,0,1,0,0,1,1,1,28,65.93002818229921,1,1,2.0296091099554805,1.6916320981125283
3482,0,1,0,0,1,1,1,30,44.41910072373985,1,0,1.6929239852595812,1.613738293694151
3873,1,1,1,1,0,12,1,33,103.22677898351152,11,5,1.5641311861109597,1.810101762979288
524,0,1,0,0,1,1,1,33,187.0758927783764,1,2,1.8708075911084083,1.6880617810115826
2650,0,1,0,0,1,6,0,29,183.09465895082337,5,5,1.750356324942106,1.797684282341875
1095,1,1,1,0,1,1,0,25,296.14637812936434,1,0,2.0708385926142143,1.0903656225663312
15,0,1,0,0,1,6,0,35,209.8881331905138,3,8,1.978083818026388,2.117349155762039
2824,1,0,1,0,1,1,0,25,18.99341165133789,1,1,3.8981840120227145,3.855509117049857
1450,1,1,1,1,1,12,1,33,56.24066762008796,4,7,0.9708362678465146,0.9800362055297503
3841,0,1,1,1,0,12,1,29,139.46263197080054,12,3,3.7097246217996833,3.7016092594859695
1822,0,1,0,0,1,1,0,25,237.2224880503049,1,0,1.805476305862869,1.0983458986008907
625,1,1,0,1,1,1,1,28,67.03548209581632,1,2,1.5292381400793094,1.5672598775696291
675,0,1,0,0,1,1,0,26,134.17369455411065,1,0,2.362799588386612,2.323650188679045
1973,0,0,1,0,1,1,1,26,87.21669806482393,1,0,0.8586514374793546,0.8215665437930622
130,0,1,0,0,1,12,1,28,5.865051308080439,9,7,1.3528004355223553,1.316758784003043
899,1,1,0,0,1,1,1,26,84.32011180145994,1,10,2.153606213915765,2.2600818302081858
481,0,0,1,1,1,12,0,30,25.546786355178284,12,2,3.0654234171636943,2.916888599196331
1213,0,1,0,0,0,1,0,26,118.17365932642504,1,3,3.900935818538316,4.036181968272859
203,1,1,1,0,1,6,0,30,53.38598407052636,6,1,0.2755422040118007,0.2480950087760094
186,1,0,1,0,1,12,1,29,73.06104519177603,8,2,1.6702396738740806,1.7759602350858017
3505,0,0,0,0,1,6,1,28,81.25268538945234,6,5,2.7391385615139736,2.8037654585009486
1825,0,1,0,0,1,1,1,27,69.35291737760048,1,4,2.1039873196731227,2.178061030956395
2932,0,0,0,0,1,6,0,26,112.34830405864278,6,7,3.0172172024629207,2.9145358231758927
1423,0,1,1,1,1,12,0,33,114.15861988948792,12,3,1.9884533929314407,1.9457317680054864
1559,1,1,0,0,1,1,0,34,51.218426542294274,1,5,2.7360019438521244,2.4314301658528183
786,1,0,0,0,1,1,0,21,117.76592211390852,1,2,0.8974634388858421,0.0127942747777363
44,0,1,1,1,0,1,1,30,261.7131880951677,1,4,3.863329318623784,3.8082617008204727
2419,0,1,1,0,1,12,0,27,260.3803118088839,12,1,1.4475220818902603,1.6760923273649122
1852,1,1,0,1,1,1,1,26,69.57646991332932,1,2,1.1773886029973126,0.4474370844697098
3430,1,1,0,1,1,6,1,24,113.0339868554672,6,4,2.096529851471265,2.074319800705892
3251,1,1,0,1,1,1,0,27,92.62511215974644,1,0,1.858157612405908,1.4989929329547749
1652,1,1,1,1,1,1,0,27,101.8486845377747,1,0,2.338990126139733,1.84442771420312
3371,1,1,1,0,1,6,1,25,164.24367665550034,6,2,1.53561255462174,1.1413730780077826
1003,1,1,0,1,1,1,1,30,163.53735157941753,1,8,1.8603767237435127,2.029575198612966
1851,1,1,0,0,1,6,1,29,310.14786832180783,6,4,3.30471380130464,3.1837252419548747
251,0,1,0,0,0,12,1,32,27.65726189361179,8,1,1.623602921242801,1.7199711123636765
628,0,1,0,0,1,1,1,33,149.99526069491017,1,0,0.3623935048740561,0.580038303548587
3289,1,1,0,0,1,1,1,27,6.554918566615387,1,10,1.7791889414933866,1.8231687651596384
503,0,1,0,0,1,1,0,24,140.12753386679398,1,1,1.182957940235344,1.134268767794481
2295,0,0,0,0,1,1,0,33,204.3207074444132,1,1,1.76887581994461,1.1889811146745726
1855,0,0,1,0,1,1,0,23,296.67022907285013,1,0,1.47405146701099,1.7254819028919337
2895,0,1,0,0,0,1,0,26,94.789885067726,1,0,1.2933657471833104,1.6123943681127622
3597,0,1,1,1,0,1,1,26,103.81468566076916,1,0,2.3915084315247177,2.1069020343001217
3298,1,1,0,0,1,6,1,32,104.2373481992864,5,3,1.3270926894790716,1.2364931067214884
3168,1,0,1,0,1,6,0,30,297.1898155902279,5,4,1.778190214401583,1.7748998879529598
1872,1,0,0,0,1,1,0,29,115.2125618090216,1,2,1.6815719140135392,1.64823984867432
3906,1,1,1,1,1,12,1,32,144.75187869057746,12,4,1.4012327622946097,1.3610716922962371
2804,0,1,0,0,1,1,1,31,123.36155454828057,1,3,0.9172427960985972,0.8858597310526942
884,1,1,1,1,1,6,0,25,150.8785117260243,6,3,1.5253391835073793,1.5464526417447044
1299,0,1,1,1,1,6,1,28,236.8001932457529,6,9,1.6856558172089189,1.6249144226545886
3978,1,1,0,0,1,1,0,29,93.81709154986775,1,0,0.4448369627921744,0.0
3832,0,1,1,1,1,12,1,30,41.404023304064296,10,5,1.528145565867719,1.3577805856415648
1346,1,1,1,1,1,12,1,30,6.402727325230572,12,11,1.6931908189625131,1.7159355220321582
739,1,1,0,0,1,1,0,25,183.82070522776257,1,6,1.8176823033523737,1.91150296924384
1650,1,1,0,0,1,6,1,31,362.8976984383565,6,2,2.6983897171382694,2.6248192833046766
1470,1,1,0,0,1,1,1,30,226.7443352942057,1,1,1.9058198602418903,2.0472982479185458
3889,0,1,0,0,1,1,0,31,142.16804942496768,1,3,2.6207307410437592,2.5642431988592973
3579,0,1,1,0,1,6,1,29,1.81774167510946,6,0,0.9791882210196776,0.5405791481881189
28,1,1,0,1,1,6,0,27,31.805389694141468,6,3,0.8242833135958354,0.7957610492318434
3431,0,1,0,0,1,1,0,31,144.42131721600623,1,2,3.2135388864211625,3.1820410054288613
1485,1,1,0,0,1,1,1,30,55.61947842980217,1,2,3.234056978926988,3.163415435699482
3762,0,1,0,0,1,1,0,25,178.59872698371242,1,0,1.8379875375457468,1.883401888684808
2130,1,1,1,0,1,1,0,29,4.256390294472851,1,1,1.7378203727591648,0.316507104974594
2680,1,1,0,0,1,12,1,29,112.26262987441908,12,11,4.147937469034061,4.257202503005551
2403,1,1,1,0,0,12,1,32,15.708069790310423,12,11,1.426304569509186,1.2677013655319822
2215,1,1,0,0,1,6,1,27,167.55786118285133,6,1,4.082422664142303,4.156916164761683
1780,1,1,0,0,1,1,0,24,173.76406606402543,1,5,2.5944560386029227,2.5379091535792218
3308,0,1,0,1,1,1,1,33,3.2148185811108902,1,4,1.5579564446894372,1.4707549103530095
1109,0,1,1,0,1,1,1,29,115.66246675795324,1,1,1.4565365559919126,1.3455851861002277
2070,0,1,1,1,1,12,0,31,319.2921180656057,11,1,2.0741709812124767,2.0387089717048004
2242,1,0,0,0,1,1,0,27,129.6907383642004,1,1,2.4219288629145708,1.8962307500012323
1347,0,1,0,0,1,1,0,30,187.76202415853268,1,8,1.866457195318383,1.8811984112466773
3005,1,1,1,1,0,12,1,27,263.7628811556541,2,7,2.25628915194518,2.1704371356825254
722,1,1,1,0,1,6,1,24,16.02522075163661,6,4,1.1045059503072492,0.0
635,1,1,1,1,1,12,1,30,176.93182107957887,8,6,2.680127911865144,2.6536574969270643
676,1,0,1,0,1,12,0,31,105.145601883579,11,2,1.899361825866676,1.905773521681568
2022,1,1,1,1,1,1,1,31,238.4235935974492,1,3,1.228675822975506,1.3751773330405428
2570,0,1,1,1,1,6,0,34,93.00243911739013,6,4,2.9219220350370136,2.9452736889957367
2774,0,1,0,0,1,1,0,26,52.703593503270426,1,0,1.6097709753855185,1.7194407497907582
2318,0,0,1,0,0,1,0,23,12.120455362055182,1,0,0.6734753705128015,0.6095998486054017
2454,1,1,1,0,1,12,0,24,225.72323283523232,12,2,2.078897501971153,2.0918845221145577
3242,0,1,0,0,1,1,0,34,121.21693882663963,1,1,1.7235899189898445,1.6592956754227424
2508,0,1,1,0,1,12,1,28,0.9932401239909652,12,2,0.5446315107332715,0.5325431536423598
759,1,1,0,0,1,12,1,31,170.0277071219676,9,2,3.7237565582282457,3.689264693443527
3290,0,1,0,0,1,1,0,24,60.596993124363614,1,0,2.9879033631356577,3.3220645728630824
1739,1,1,1,0,0,1,1,26,131.3605275699522,1,3,1.5510644756152958,1.5404339571503125
3706,0,1,0,0,1,1,0,29,60.88597746920245,1,5,0.0,0.0
2547,1,1,1,0,1,12,0,29,157.72784296761373,11,11,2.0260863105342826,2.1207617367081006
3764,0,1,1,1,1,12,0,31,58.46242449426983,11,7,3.6456327755355966,3.707729219551648
1039,1,1,0,0,1,1,0,25,164.30956056437643,1,0,2.2455423761069886,2.123614751997357
1063,1,1,0,0,1,1,0,26,257.27825032737485,1,2,3.7422239000741415,3.7403273707998856
242,0,0,0,0,1,1,0,27,185.21088525003785,1,6,0.7406777245180012,0.6721475178425816
3141,0,1,0,0,1,1,0,27,183.18661573480875,1,0,1.1450885600182206,0.1459716440989145
1613,0,1,1,1,1,12,0,32,168.0204105953429,10,1,2.825921990274192,2.881917284468285
321,0,1,0,0,1,6,1,35,44.286882256923285,6,1,0.4993828448097724,0.5985319291198938
1682,0,1,0,1,1,1,0,30,9.55256769926104,1,2,1.3537868939842077,1.4979577802020252
73,1,1,1,1,1,6,0,29,134.56411185989518,5,0,1.7258345652501248,0.8948147737986513
2003,0,1,1,0,1,12,1,27,159.51678677088944,8,4,2.3926051616287136,2.432968300224703
791,1,1,1,1,1,6,1,32,49.84918936484681,6,0,2.337640904529974,2.3276878069234583
3823,1,1,1,0,1,12,0,33,170.9885087875038,12,7,1.312776751985147,1.4500723677238332
3331,1,1,0,0,1,6,1,27,246.8557585922902,6,8,3.047970231398285,2.984593142415571
1120,1,1,0,1,1,1,1,29,234.92949121547,1,6,1.4162968019468154,1.514682253130104
1289,0,0,0,0,1,1,0,25,60.87054420392108,1,0,0.9143184072592244,0.0933305433023907
783,1,1,0,0,1,12,1,31,94.3816303609772,12,5,3.316073434571788,3.4648469102046904
3714,1,0,0,0,1,1,1,29,76.52833053094884,1,11,1.8929664230664576,1.971985664503624
47,1,1,0,0,1,1,0,26,54.18423621080765,1,0,0.8540792567085165,0.0
2026,1,1,1,0,1,12,0,27,257.9986652381029,12,7,1.4519272556046832,1.5348931863908648
1032,1,1,1,1,1,12,1,30,97.37332370027252,12,1,3.0339467878058595,3.043235858572748
2294,1,1,0,0,0,6,1,37,172.2209599892664,6,3,2.0835602624735827,2.3006035122722377
823,0,1,1,1,1,1,1,29,424.07081667113033,1,10,3.157763830742128,3.154869258110422
1930,0,1,0,0,1,1,1,31,250.32118868398567,1,0,2.236675809616049,2.1107531690383263
5,1,1,1,1,1,1,0,26,198.36226543903683,1,3,1.1138844004257795,1.120078107422207
3868,1,0,0,0,1,1,1,25,297.17525410701745,1,7,1.998146404217724,1.968359844075091
2797,1,1,1,1,1,6,1,31,173.08672983966133,4,3,1.6988821610426648,1.903653861940284
3185,0,1,1,1,1,6,0,35,77.83612466614166,6,2,3.0419484451691337,3.1962754254304206
2052,1,1,0,0,1,1,1,35,373.9160065171904,1,0,1.0428812964162508,1.1419615874080804
3426,1,1,1,0,1,1,0,31,192.4615711639765,1,6,1.1016564882855309,1.3082723338782396
1758,1,1,0,0,1,1,0,30,424.07081667113033,1,5,1.010424708749058,0.1542225120866638
3740,1,1,0,0,1,12,1,27,241.6118669553272,12,2,2.8612490552942624,2.747279427487225
3852,1,1,0,0,1,12,1,27,256.6437292721175,9,6,0.7563793557614511,0.6560873929019129
3877,0,1,0,0,1,1,1,27,142.8420796884096,1,0,2.05612182163883,1.4785684805532198
1654,0,1,0,0,1,1,0,25,179.04388638742745,1,3,1.1280349447058786,1.1553510978318433
3758,0,1,1,1,1,6,1,30,147.91791533105504,6,11,2.0517347039759355,2.0208166711079567
767,0,1,0,1,1,1,0,29,243.3655275450069,1,7,2.4314095828157205,2.2842965235088903
670,1,1,1,1,1,1,1,29,54.99155190262778,1,5,2.157267591452118,2.1705857806811544
1047,1,1,1,1,1,1,1,29,176.0513660927139,1,6,1.3962355642710156,1.3536717016523732
1953,0,1,0,0,1,6,0,31,46.97199025182829,4,2,1.2545434905046309,1.3128055864662218
1378,1,1,0,0,1,1,1,29,92.46712137769568,1,3,1.5215659982028362,1.5398529921993496
3328,1,1,1,0,1,6,0,26,275.50736963508893,6,1,1.6996487881960969,2.030535369557453
2320,1,0,1,0,0,12,0,31,323.4359895962682,10,1,1.9639220151036472,2.0929510999238228
1353,1,1,1,1,1,12,0,28,136.48767182991864,12,11,1.0524594717929907,1.1537764346309314
835,0,1,0,0,1,1,1,31,126.36051542860564,1,6,2.2118589041239924,2.27730932408688
1762,0,1,0,0,1,1,0,32,199.88701941973,1,6,1.5108990908179745,1.4619145575109922
1463,1,1,1,1,1,6,0,29,122.53680434738756,6,1,2.923911175022181,2.8390897761417184
1553,1,1,1,1,1,1,0,29,196.7138321592776,1,2,1.610719108467946,1.4923055819600326
1103,0,0,1,1,1,1,0,32,124.09675827729544,1,1,2.8687055499713168,2.9922093463919004
3072,0,1,0,0,1,1,1,33,222.1319914903352,1,2,3.794330646884864,3.734832995924741
3876,0,1,0,0,1,12,0,27,241.8388734114339,9,5,2.529121725981869,2.591788976696319
1656,1,1,1,0,1,1,1,30,184.4703772518837,1,2,1.4553141445367472,1.2952858420523266
1648,1,1,0,0,1,1,1,22,196.3683020694138,1,1,0.1788596066302208,0.0
3636,1,1,1,1,1,6,0,28,341.22706403445693,6,2,1.2620245295152812,1.0578198160002763
1429,0,1,0,1,1,1,1,26,113.22350644456544,1,3,1.1816756001098878,1.1125009996554156
1554,1,1,0,0,1,1,0,29,163.7763521748873,1,1,1.2131220390577484,1.0662192335068208
2235,0,1,1,1,0,6,0,25,45.73740307258264,6,1,2.4875240719999137,2.3095878299948542
2583,0,1,0,0,1,1,0,23,19.92174778614195,1,0,0.2849619971703978,0.033128608595573
3246,1,1,0,0,1,1,0,27,3.6504302587599895,1,11,3.310754157262393,3.44112864107444
1944,1,1,0,0,1,12,1,35,255.2321785638156,12,6,1.21201353341757,1.4969779800342768
3953,0,1,1,0,1,12,1,29,79.70814219717711,6,3,2.1294027272452616,2.239949630014716
2987,0,1,0,0,1,6,0,25,389.03571295000967,3,4,0.6690805433938638,0.5736956516627787
3406,1,1,1,1,1,1,0,30,85.80615454575144,1,4,3.9845240135561832,3.9680414876507775
869,1,1,0,0,0,1,0,28,104.55001837237012,1,6,2.0738132693068825,2.1554377662402366
1592,0,1,0,0,1,6,0,30,143.85463250564248,6,1,0.8527461800903955,0.8740957015940896
2157,0,1,0,0,0,1,0,27,10.78233283767714,1,0,2.0839846581792303,2.0781894848910434
1797,1,1,0,1,1,1,0,33,292.3168044595096,1,4,1.0296706826131397,0.9061682452944272
3929,0,1,1,1,1,6,1,30,50.87450732311054,6,10,1.6930182133464324,1.7125722696248058
2015,0,1,0,0,1,1,1,27,200.36637762785247,1,1,1.489931127451019,1.4165907973414484
3140,0,1,1,0,1,6,0,28,141.35829747011712,3,1,1.4353589273493368,1.2085476271173046
659,0,1,0,0,1,1,0,35,2.6035773226769123,1,3,0.4971053370015228,0.5932127838879555
3493,1,1,1,0,1,6,1,26,241.918825608546,6,2,0.6729692288156,0.6412307167894612
2011,0,1,0,0,1,1,0,30,25.35211056853969,1,6,1.789534742536026,0.8454130188373666
2372,1,1,1,0,1,1,1,36,131.39313537431556,1,11,2.269303979553256,2.3556209177259664
2448,0,1,1,0,1,1,1,29,165.48535492698997,1,1,0.7054675104189911,0.3871040130917129
1606,0,1,1,1,1,1,0,27,34.55994978646498,1,0,0.2785258482093251,0.5117567242091341
2916,1,1,0,0,1,1,1,31,79.96507462212523,1,1,2.1098132911267675,1.5183744006541495
2560,1,0,1,0,1,6,1,23,58.50810039542412,6,1,2.2588138836270266,2.3468809753782454
3791,0,1,0,0,1,1,1,24,43.96998860256199,1,9,2.503552423084539,2.496937404740499
930,0,1,1,0,1,12,1,30,69.39137422013381,8,1,2.7035036734040743,2.7383069243042724
2254,0,1,1,1,0,12,1,30,364.45684641979767,11,5,3.5768395467561365,3.613823188068766
599,0,1,0,0,1,1,1,30,223.4321608636536,1,7,4.100222257878752,4.072150855451909
1153,0,1,0,0,1,1,1,34,30.267737263205856,1,3,3.4286611317887874,3.5677764555258222
388,0,1,1,1,1,6,1,34,65.20210679756127,6,1,0.910312618886956,0.9249437228671228
1640,1,1,0,0,1,12,0,30,321.11917090014936,12,3,0.2390489876215473,0.3991704346194819
3801,1,1,1,0,1,1,0,26,92.67190306702032,1,2,0.7749876774809344,0.0
1037,0,0,1,0,1,1,0,32,63.67269984123503,1,8,1.5756330384317965,1.616485258577054
871,0,1,0,0,1,1,1,32,67.58777453164369,1,4,1.216622154122759,1.3338633380954563
2894,0,1,0,0,1,1,0,30,209.9387230814729,1,7,1.412045146088999,1.5074101467145429
1012,0,1,0,0,1,1,0,27,277.7491168212823,1,1,2.5242751938754417,2.3912438265662392
3206,1,1,0,0,1,1,0,23,87.04726534641478,1,0,2.0476690233459185,1.111466017240918
531,0,0,1,0,1,1,0,25,230.1676463294368,1,0,1.9316308752303444,1.7567012395782122
1169,0,0,0,0,1,1,0,26,115.35988314407842,1,1,2.819232469987389,2.3760441119145965
3964,0,1,0,0,1,1,0,32,178.56761472566342,1,2,0.4787570785967441,0.694167687830635
3313,0,1,1,0,0,1,1,28,120.5557484704165,1,6,0.0,0.0816928572893722
2065,0,1,1,0,1,6,1,25,89.20827799246409,6,10,1.4301228748249455,1.5148360022393754
1676,1,1,0,0,1,12,0,26,50.244901267088935,12,0,2.153520973601061,1.6397413557828129
1512,1,1,0,0,1,6,0,27,320.3787957943648,6,6,0.6017907592111933,0.5057183206504627
3949,0,1,1,1,0,6,1,29,272.62242724902745,6,8,3.1531046335658504,3.1306840620450007
2111,1,1,1,0,1,1,0,27,162.813871297363,1,2,1.040658011283356,0.736265158509497
3499,0,1,0,0,1,1,0,28,86.63247139214626,1,9,1.2589490063429936,1.2806707643381228
2607,1,1,1,1,1,1,1,31,221.5578743317332,1,5,2.0989042604827177,2.0520605890349253
2907,0,0,0,0,0,1,1,27,99.43365098066374,1,0,1.5446703755413205,0.8174697151311059
1607,1,1,0,1,1,12,0,29,43.30050361632486,12,7,1.0101035198439106,0.9255122095729412
3107,1,1,0,0,1,1,1,28,185.0321307883902,1,0,3.030928430234243,1.3785186811915755
333,0,1,1,0,1,1,0,32,211.8141698710406,1,3,2.270248900742737,2.155382619256752
3977,1,1,0,0,1,1,0,28,104.472327187594,1,0,1.3100440765955734,1.0551811638961874
450,1,1,1,1,1,1,1,26,247.7465935470901,1,1,0.0,0.1355223557212196
3939,0,1,0,0,1,6,0,29,112.15477486669327,6,3,2.1861841583490755,1.5508264624034864
261,1,0,0,0,1,1,0,30,74.9221835066849,1,2,2.218290266044708,2.182237971663445
1909,0,1,0,0,1,6,1,24,173.2273602807216,6,2,4.56888321649385,4.586912878562509
2366,1,1,1,1,1,1,0,29,178.94153027261623,1,0,1.4307648829785773,0.3312512763671123
3263,0,1,0,0,0,1,0,27,130.14413074375966,1,2,3.174318421099369,3.141712252548033
2767,1,0,0,0,1,6,1,31,142.38257777303758,6,11,2.455801673388532,2.4577391010458016
2900,0,1,1,1,1,12,0,34,93.3765321347363,10,6,0.7384465611044129,0.862778111116755
3956,1,1,0,0,1,6,0,28,115.77454029190906,6,2,1.1644171735608475,0.523379124769634
3917,1,1,0,1,1,1,1,28,65.55278338485238,1,0,2.0805470636045293,2.2244512895206343
119,1,0,0,0,1,1,0,32,301.6247074768349,1,3,1.208335701472376,0.6964942377807813
340,1,1,1,1,1,6,1,33,211.36241304310136,6,2,0.0334740806984448,0.0430830077964219
1298,1,1,0,1,1,1,1,33,159.70678479296646,1,1,0.5845608072267368,0.7052753803477653
3113,0,0,0,0,1,1,0,25,124.02767683973974,1,2,0.8885601036901057,0.8634375000955845
3501,0,1,0,0,1,1,0,25,272.6140067922244,1,0,2.641713651526679,3.5402705155533987
578,0,1,0,0,1,1,0,32,49.62812067439511,1,1,2.4635360184575803,2.549751604468379
3428,0,1,1,0,1,12,0,26,400.43884834720114,12,3,3.858927954692432,3.840771504926
1442,1,1,1,1,1,6,1,30,147.57797315436466,6,3,2.0571333809315733,2.122972800956189
239,0,1,1,0,1,1,0,30,44.27186794015736,1,2,1.1143415548077424,0.3395328499845527
3217,0,1,1,1,1,1,1,29,23.59773876820916,1,11,2.2833086964080693,2.1676221695692584
1849,1,1,0,1,0,1,0,25,196.62867081527045,1,7,2.0615127973180147,2.0811595349060936
1189,0,1,0,1,0,1,1,29,215.42328686736528,1,6,1.4706850386024573,1.3892922057372306
3666,1,1,0,0,1,1,1,32,207.58317246058232,1,7,1.5553912062527764,1.527622515969998
2665,1,1,0,0,1,1,0,34,128.78766829544676,1,5,2.4723982005132243,2.5325231867518534
2056,1,1,1,0,0,6,0,29,192.6375047181771,6,4,1.3606495415621835,1.2658362677871258
2985,1,0,1,0,1,1,1,29,248.60649147095185,1,4,1.2594770027024644,1.1065280010264191
3174,0,1,0,0,1,12,1,24,44.03701821599165,11,5,3.4286725288375903,3.4697106635427546
3836,1,1,1,0,1,12,1,34,177.3318866957959,2,11,1.5203591515755743,1.4536363674956148
3734,0,1,1,1,1,6,0,29,273.50845086735444,6,4,2.1980122841628784,2.395981753504872
1690,1,1,1,0,1,6,0,29,302.31196037128086,6,0,0.0,0.0594962201017318
1083,0,0,0,0,1,1,0,32,59.42079881396981,1,1,0.0853871397654599,0.4844183282922763
1415,1,1,0,0,1,1,0,24,51.45037755255,1,1,1.5484606910519547,0.3458019184809942
2947,1,1,1,1,1,1,1,24,219.5607362864421,1,1,1.9661185818512712,1.7588776967431383
3855,0,1,0,0,1,1,0,25,100.80647082971822,1,3,2.681434889165532,2.5320910129061303
3945,1,1,0,0,1,6,1,37,140.82926998870218,6,9,1.9950934468755883,1.9467260726594824
947,1,1,1,1,1,12,1,34,262.9931157829711,9,6,1.5701607531114723,1.4885438587683812
3924,1,1,1,0,1,1,0,32,131.40536342234532,1,10,1.7006818421533312,1.7628948146627148
2101,1,1,0,0,1,1,0,30,26.24817233015464,1,0,2.1354837829691395,1.8445647852104272
2704,0,1,0,0,1,1,0,30,158.0414565860001,1,1,1.255341105871736,0.3625323569179657
971,1,1,1,0,1,1,0,31,11.916705165936277,1,0,1.7794570650211308,1.332878085116398
2393,0,1,0,1,1,1,1,31,181.1590905800317,1,0,2.07940950608012,1.7644813311075715
1839,1,1,0,0,1,1,0,24,45.13331593094766,1,2,2.129822930390951,2.3656508183500966
1070,1,1,1,1,1,1,0,32,175.69974641695518,1,0,1.388608874878562,1.0064242878770977
1074,1,1,1,0,1,12,0,28,43.44094932384397,9,3,3.6406667400798063,3.720636058594738
2563,0,1,1,1,1,12,1,30,149.5027911942818,12,1,1.9562818253309449,2.1108444648442632
2342,1,0,1,0,1,1,1,33,8.42870120146074,1,4,0.4085812083443148,0.2716640749581687
3556,1,1,1,1,1,12,0,32,63.86604632561038,11,1,0.9935538650228256,1.0686589852786652
1067,1,0,1,0,1,1,0,29,6.422385227649058,1,1,1.9003175587481853,1.6441763619182233
1529,0,1,1,0,1,12,1,29,136.40909156405294,11,4,1.736799329757579,1.6669366085561397
2908,0,0,0,0,1,1,0,21,130.74054179983764,1,0,1.486515289808124,0.4350669816881054
2640,1,1,0,0,1,1,1,27,48.58370100036889,1,11,1.6542877131176486,1.6067904785595797
2714,0,1,1,1,1,1,0,33,210.8922783522487,1,2,3.0398275476590686,3.040982107671543
1536,1,1,0,0,1,1,0,29,190.2347188178801,1,1,1.87816037338656,2.22318224113869
362,1,1,1,1,1,6,0,29,75.77134294547776,6,11,3.9915980033857696,3.849426924496036
3546,1,0,1,0,1,1,0,31,105.154055397862,1,1,3.495218131608715,3.529604276877873
2474,0,1,0,0,1,6,0,25,34.16938286487617,6,1,1.7431857517591025,1.1598394884773469
1901,0,1,0,0,1,1,0,30,246.3263024664701,1,0,0.5979959292312587,0.5702183991408263
1453,0,1,0,0,1,6,0,31,39.61097604336089,6,3,3.7612654175761695,3.753584241149051
3310,1,1,0,1,1,12,1,31,375.0253723789861,9,3,2.52137948187804,2.5348162352708274
167,0,1,0,0,1,6,0,29,143.13548853575756,5,4,0.0,0.0
863,1,1,0,0,1,1,0,34,424.07081667113033,1,1,1.872358661163752,1.892621194180324
1321,1,1,0,1,1,1,0,33,12.056007046237982,1,6,4.56888321649385,4.786792947057812
2698,0,1,0,0,1,6,1,28,19.83116327317348,6,2,4.4859344314293015,4.314892918806276
8,0,1,0,0,1,1,0,30,217.78664105008903,1,0,1.2135019626583017,1.0493871451868677
2903,0,1,1,0,1,6,0,32,228.04239686398623,6,5,2.5407242057220776,2.677687367075664
2007,1,0,1,0,1,12,1,31,204.55235273420865,12,2,1.3169953221433133,1.3907016207149208
62,0,1,1,0,1,6,0,32,55.77441782254436,5,6,0.8135614904122801,0.8746773672175823
3336,0,1,0,0,1,1,0,27,335.6303985514,1,11,1.5107740411010897,1.6562588450835578
1167,1,1,0,0,1,6,1,29,397.2733580201801,6,5,2.4534162551702794,2.5027792115717737
3661,0,0,1,0,1,6,1,31,83.38504665665523,6,8,2.4394038959307784,2.322534011583156
1657,0,1,1,1,1,1,1,32,345.1237217670508,1,3,2.596908488189815,2.653751465176128
409,0,1,0,0,1,6,1,29,7.728112614940784,6,2,3.1459634695465946,3.2251461814675606
3073,0,1,1,1,1,12,0,24,89.5958730783227,12,4,0.7459558016659444,0.7945356663509349
1269,0,1,0,1,1,1,0,29,158.9818636939597,1,2,1.775618070325337,0.7054100718276812
3180,0,1,0,0,1,1,1,28,188.10770206662025,1,1,1.2859396372840657,0.6055698160883477
948,0,1,1,1,1,6,1,27,259.92553579305815,6,4,1.4439051925032134,1.460368990306515
3756,1,1,1,1,1,12,0,31,193.2639415762181,11,7,3.1844887246972458,3.2482784436317003
2388,1,1,1,1,1,6,0,32,160.3990954661268,6,6,3.0311522664470063,2.9972869152417863
2470,1,1,1,1,1,6,1,30,296.98248103004687,5,2,3.1055200987695275,3.2034853077998964
3453,1,1,1,1,1,6,1,35,102.60437485894474,5,3,3.499892734560293,3.4735201002897726
1948,1,1,0,0,1,1,0,30,271.4860963537774,1,0,0.4565513256329548,0.0
350,1,0,0,0,0,1,0,30,89.09440024482761,1,4,1.5549169452308482,1.4651692360765771
2943,1,0,1,0,0,1,1,26,118.23210903570038,1,2,2.3405182038972625,1.3362330050487825
529,1,1,1,1,1,12,0,29,205.985294394402,12,4,4.077632308126264,3.8968597400207288
2672,0,1,1,0,1,1,1,23,17.082320645286465,1,1,2.5232152216135475,2.5036533549801283
222,1,1,0,0,1,1,1,27,33.34895705215342,1,0,1.8330549660516944,0.0063979878928257
2506,0,1,0,0,1,1,0,31,192.32386288876413,1,0,1.9039035847669243,1.2858704774835434
2776,0,1,0,0,1,1,1,31,147.6679623946565,1,3,3.115190750596935,3.07588602110671
2783,1,1,0,0,1,1,1,29,237.17325497964688,1,1,2.427721049735414,1.5810796999913483
3985,1,1,0,0,1,6,1,22,101.10754412192864,6,2,1.3778597107471455,0.3439152996098382
1210,1,1,1,0,1,6,0,31,278.86798437981287,6,8,0.2991567064165284,0.1978885769069305
461,0,1,0,0,0,6,0,31,26.857082657979944,6,1,1.923031274766538,1.08669234301599
729,0,1,0,0,1,12,0,24,193.2228993439693,12,11,2.2356660012994425,2.1061203536590094
368,1,1,1,0,1,1,0,33,208.24959040053088,1,5,3.185853150731311,3.1276885789228976
1718,0,1,1,1,1,1,0,29,156.82126129219395,1,3,1.0312187929205558,1.0065167528447432
3871,0,1,0,0,0,1,1,24,85.76724843702486,1,0,0.7861322994298774,0.0
1388,1,0,0,0,1,1,0,34,153.523992914519,1,4,1.792638871597583,1.8140205987130675
666,0,0,1,0,0,12,0,26,121.18150202969036,12,10,2.092475002370295,2.004799775026526
2141,1,1,0,1,1,1,1,25,50.19541144228302,1,1,1.8114820869482573,0.9106553197926224
993,1,1,1,0,1,1,0,28,247.59890768086257,1,2,3.3458116241966183,3.362321061372063
1188,0,1,1,0,1,12,1,28,134.52334104202828,9,6,2.4610513311491067,2.5036422571760686
2702,1,0,0,0,1,1,0,29,72.35824341992172,1,0,0.3229381773273985,0.0
3011,1,0,1,0,1,6,0,27,341.8389895686342,6,5,4.2395087592841465,4.375651098840076
3387,0,1,1,1,1,12,1,31,326.5696819835918,12,5,1.5719276241856668,1.4900082873492149
3090,0,1,1,0,1,1,0,28,72.72120644384663,1,6,3.076859209839192,3.052676908076664
3973,1,1,1,0,1,12,1,32,49.75736833690525,8,3,2.951439483302811,2.963552369596953
3701,0,1,0,0,1,1,0,30,175.8806056540907,1,3,0.6787978172084004,0.6002697188155882
2237,1,1,0,0,1,6,1,34,121.35533494024828,6,6,2.8504764197310086,3.036212557515785
1052,1,1,1,0,1,1,0,24,250.050054686681,1,1,1.9564379975269512,1.4836121846500547
1205,1,0,1,0,1,1,0,24,127.14208323258816,1,0,2.289697311425879,1.7019655630417705
3325,1,1,1,1,1,12,1,27,150.7021033522296,12,7,3.5012957939731537,3.3724308750945164
1545,1,1,1,0,0,12,0,30,44.18266096267912,12,9,2.1565864346014405,2.0208826112859453
3590,0,1,1,1,1,1,0,23,122.76556262715756,1,1,0.0,0.0
2272,1,1,1,1,1,1,1,26,156.9330595507916,1,4,1.0199277868244792,0.9124065584154208
1629,1,1,0,0,0,6,0,32,2.5891702718595506,6,5,2.267001630677382,2.5483595119046347
165,0,1,1,1,1,6,0,34,75.04623523493058,5,5,1.4324635058331654,1.5107794637226473
43,0,1,0,0,1,12,0,36,108.90944277802252,12,1,2.046309893657255,2.0797042598139592
3239,0,1,0,0,1,1,1,25,137.02392226061514,1,6,2.249212003633437,2.189967452779776
968,0,1,1,1,1,6,1,28,242.15224265279164,6,4,2.7881180116245163,2.703736907256316
3196,0,1,1,1,0,6,0,25,221.0165363585588,5,11,4.189935757338596,4.112302107310101
547,0,1,1,1,0,12,1,27,73.76776298570985,12,11,0.0562895443739186,0.1038012639405185
1177,0,1,1,0,0,12,1,24,34.17904856266324,7,2,3.0281652266324617,3.0906783003707523
299,1,1,0,0,1,1,0,28,309.4325947999045,1,2,2.971051137271609,2.94488683090342
2913,0,1,1,1,1,6,1,32,179.48690141417907,6,9,2.172296546454215,2.1665731038786853
2067,0,1,1,1,1,6,0,30,302.1540280224865,4,1,2.5391062368903574,2.5657254097335698
1443,0,1,1,0,1,12,0,32,184.5307531343028,11,3,2.336441008794836,2.162143799748113
2166,1,1,1,0,1,6,0,32,256.5522985282072,6,4,1.0924840559289388,1.1052167823144228
2802,0,1,1,0,1,1,1,37,223.87660572937145,1,1,2.355655948993151,2.4512231733631142
1212,0,1,0,0,1,6,1,28,365.3788690145428,3,2,2.1083353142174297,2.1447338799657456
895,1,1,1,1,1,12,1,27,20.447039624125622,12,4,0.5935683508662943,0.7435936894772566
621,1,1,0,0,1,6,0,21,103.49669127175184,4,7,2.2110696821864178,2.0705312220868386
3921,1,1,1,0,1,12,1,27,83.58216533095649,11,2,2.653366631301532,2.5082878277569503
1556,1,1,1,1,1,1,0,28,328.66440235923017,1,1,1.8706338943369143,1.2237113996732218
3158,0,1,1,0,1,6,1,33,40.37335229335008,6,8,1.460942166269109,1.3737401997506398
1296,1,0,1,1,1,1,0,31,310.33136046965467,1,1,1.514975598328113,1.4387623421896292
2273,1,1,1,0,1,12,0,25,92.04709091794916,12,2,0.264835190348238,0.3628632588014079
3768,1,1,0,0,1,1,1,30,352.1114667800297,1,1,1.0977745665463556,1.2923345863658393
3420,1,1,1,1,1,1,0,25,230.087841266948,1,5,2.384749025319435,2.4169031585287133
2330,0,1,1,1,1,6,0,33,223.68510784190624,6,4,1.1551559836995366,1.2074647085167405
877,0,1,1,1,1,6,0,31,248.3569549742783,6,1,2.125058411766723,2.0514801989395166
495,1,1,0,0,1,6,1,33,40.008250217354494,6,2,1.3625099464012635,1.3358409511532778
1571,1,1,0,0,1,1,0,33,286.2524317714632,1,2,1.653748583985185,1.770933327667298
2527,0,0,0,0,1,1,0,29,59.20225945287297,1,1,2.0315369288933485,1.082313457928722
1735,1,0,0,0,1,1,0,27,23.89637546986189,1,1,0.4985638331644669,1.3642215635131572
1304,0,1,0,0,1,1,1,30,46.93438030462596,1,3,3.2946517016788253,3.2263371303889503
2766,1,1,0,0,0,1,0,23,7.42637111461984,1,1,1.3712552069235409,1.2442643098013004
1627,0,1,0,0,1,1,0,29,119.74851154471304,1,0,2.250292929157885,2.56673016734123
3535,1,1,1,1,1,12,0,29,196.9238975023973,11,4,0.9702756896652472,1.0897250023024552
56,0,1,1,1,0,1,0,30,194.6691783286323,1,4,1.8930153973176576,1.9009430377531884
2425,1,1,0,0,1,1,0,29,355.33730361574584,1,6,2.7641812848647698,2.6817386592108376
2394,1,1,0,0,0,12,0,31,137.11579612674203,12,1,2.377820952346689,2.4376951333382184
226,1,1,0,0,0,1,0,33,32.556886044222864,1,11,2.580107042179027,2.764951972182003
3372,0,0,0,0,1,1,0,23,7.0622286088252375,1,0,0.3509691211307613,0.0
1056,1,1,0,0,1,1,0,29,220.1855200297689,1,3,0.7164604480819725,0.5781450760597541
2289,0,1,0,0,1,6,1,30,41.64680053446854,5,2,1.9366673782395896,0.5581106102649069
3116,0,1,1,1,1,12,0,29,10.071896219120957,12,6,1.9429455212131064,2.0301926045336787
3059,0,0,1,1,1,1,0,32,179.41162001706192,1,11,1.4224077675859146,1.2620809691742854
2825,0,1,0,0,1,1,1,28,87.85369161957806,1,1,2.5877175523541824,1.3325728207092888
2255,0,1,0,0,1,1,1,30,147.60307940060216,1,4,2.0603537248403407,1.9320192438890629
655,0,1,1,1,1,12,0,30,260.12249843165125,12,2,1.9393032884954715,1.9968341014795976
1114,0,1,0,0,1,6,0,26,8.649808932194361,6,11,0.1644185629869836,0.1204634919774526
2777,1,1,1,0,1,1,0,21,168.74393427071962,1,1,0.6039786669107805,0.0
2049,1,1,0,0,1,1,0,29,223.6423094711912,1,7,2.91721181494394,2.9383370854129174
755,1,1,0,0,1,1,1,33,0.5105450971712742,1,3,2.3289375274908584,2.442888242521108
3124,1,1,0,0,1,1,0,31,128.91794496752766,1,10,1.2452836677972592,1.4004299708863042
3203,0,0,1,0,1,1,0,28,182.8335865538585,1,3,1.0887888021305865,0.1431245785353502
3343,1,1,0,0,0,12,0,29,237.6850904619768,12,2,0.6314767601918481,0.7461046681123169
711,1,1,1,1,1,12,1,29,298.5444053830612,12,7,2.7578195960188747,2.790359879006245
3364,0,1,0,0,1,1,0,33,232.4031191229841,1,2,1.977567055836596,2.083380274853058
3581,1,1,0,0,1,1,0,30,51.50590559598789,1,0,1.794575014018564,1.1370219629696914
3524,1,1,1,0,1,1,1,22,132.17375574088027,1,1,0.9068350228231672,0.5221129821719297
3681,0,1,0,1,0,12,1,29,148.15396249389312,11,2,1.5936486307484132,1.4306243317287026
1154,1,1,1,0,1,12,1,31,104.65967974355024,10,4,0.8900949960456463,0.8709604767005522
1373,0,1,1,1,1,1,0,30,224.17364615416068,1,9,1.7593603511151106,1.8139427402412056
2863,0,0,1,0,1,1,0,33,170.0214594738767,1,2,0.980200228421543,0.99680124551006
1786,0,1,1,1,1,1,1,26,152.95560685325694,1,0,0.8055370202915084,0.3482436543685475
2852,1,1,1,1,1,12,1,31,167.10063665917255,12,5,3.1355122345798017,3.197255691915708
2374,1,1,1,1,1,12,0,37,242.58524502451976,12,4,2.2884933206508635,2.41539771904735
1576,0,1,0,0,1,6,0,26,310.62537024118944,6,1,0.1370193889505249,0.1270290787653854
2441,1,1,1,1,1,12,0,26,100.8707269457018,11,1,1.7635210044381748,0.9722874406227502
862,0,0,0,0,0,1,0,26,6.333391056508546,1,0,0.9314176625099636,0.3792345793336392
324,1,1,1,1,1,1,1,30,94.79606251386365,1,1,1.106102314772085,0.3231801072985347
2037,0,1,1,1,0,12,1,34,232.7044205182019,11,5,2.3786399465091725,2.637111487120662
612,1,1,0,0,1,1,0,29,90.75213271520416,1,7,2.7056327585686626,2.605286972628569
846,0,1,0,0,1,6,0,28,134.9747944059709,5,0,1.3243226041155314,1.3360120607850874
1740,0,1,1,0,1,6,0,25,96.17340570398778,6,3,1.6741828363693971,1.1658042107565938
311,0,1,1,0,1,6,1,29,208.41746374923835,5,1,1.4003684955645803,1.2984264070191949
3968,1,1,0,0,1,12,1,27,161.2922812884629,12,9,3.8374797473732247,3.9500118502852097
41,0,1,1,1,1,12,0,33,5.135184497156928,12,5,2.9452379650144063,3.008917866863644
2112,1,1,0,1,1,1,1,29,21.339687705005915,1,2,1.8189706622749409,1.3836628923401482
1041,1,0,1,0,1,1,0,25,19.493533340428048,1,0,0.3239577244199934,0.0
3022,0,0,1,1,1,6,1,25,207.0797105977189,5,4,2.250576643849098,2.085150385145292
2652,0,1,0,0,1,1,0,31,173.11764370772758,1,3,1.2994766794507775,1.305000270623128
3551,1,1,0,0,1,1,1,28,246.2115526588095,1,1,0.822002981118028,0.0
215,0,1,1,0,1,1,0,25,111.95379416730324,1,1,2.1251584063375284,2.2726130821342374
1055,1,0,1,0,1,1,1,28,50.09310515449668,1,0,1.4625105806526997,0.6996008249340102
3404,1,1,1,1,1,12,0,31,48.27545976087409,11,6,1.894392479361603,1.901030183605696
1940,1,1,0,0,1,12,1,29,209.1380241203951,12,11,2.67149705158676,2.890702031205496
2791,1,1,1,1,0,6,1,32,255.6229777756164,6,11,3.0307242172135966,3.029313101038883
698,0,1,1,1,1,12,1,28,84.02868110958906,10,0,0.0,0.0
694,1,0,1,0,1,12,0,26,147.4466501599095,4,4,2.7243912695066945,2.624798677307054
2150,1,1,1,0,1,6,1,28,25.22721716371293,4,10,1.903706146838536,1.7256752290183766
1591,0,1,1,1,1,1,0,25,129.06745334444608,1,0,0.7098554363207715,0.4734374137336774
2129,0,1,1,1,1,6,1,31,255.1175433309209,6,3,2.6875752930879453,2.6381828414609143
1936,1,1,0,0,1,6,1,36,134.7506345149773,6,5,2.994210455366142,2.949120339459846
1562,0,1,0,0,1,1,1,34,109.35466675767744,1,4,0.6521882787554376,0.5052708835188977
1757,1,1,0,0,1,1,1,30,424.07081667113033,1,2,1.9372769321133143,2.011021461300229
3392,0,0,1,0,1,6,1,28,156.69939152300017,6,2,0.3824615892726099,0.2608326563990797
686,0,1,1,1,1,1,0,26,247.32623642109803,1,1,1.940789324002788,1.6660799356221223
1496,0,1,0,1,0,1,0,26,48.555601856628726,1,1,1.463994092368519,0.9637730200985384
2829,0,1,1,1,1,12,0,24,167.0188449881344,12,2,1.7530408092695575,1.893308297856498
1464,0,1,0,0,1,12,0,25,232.56524830814988,12,3,1.4573645698081157,1.762466663940884
556,1,1,0,0,1,6,1,37,205.6317507422044,5,2,1.4006895160194557,1.614663052319146
2949,1,1,1,0,1,12,0,26,209.68439322462447,9,3,1.86206284754405,1.890520848451926
2460,1,1,1,0,1,6,0,31,104.60419790404032,4,1,3.008667578102642,3.0157975444028766
3339,0,0,0,0,1,1,1,30,204.7574636532971,1,4,1.4245164858782708,1.4749560330325313
3805,1,1,1,1,1,1,0,36,210.0790247156144,1,3,2.273008962805448,2.2658096950035285
813,0,1,0,0,1,1,0,30,131.66258939549428,1,6,1.6059767062098045,1.6581963643748856
1561,1,1,1,0,1,6,0,30,12.931778787543804,6,3,2.03067067688642,2.026324019538505
527,0,1,0,0,1,1,1,28,89.2262372962052,1,1,1.5298989110293597,1.5006421407835466
3685,0,0,0,0,1,6,1,30,159.7082480456553,6,5,2.7898975786191764,2.4168750468773523
1674,1,1,1,0,1,1,0,30,40.380215750229546,1,0,1.1413972735101037,0.1548149786961432
1414,0,1,1,1,1,1,0,23,154.15235908972318,1,0,1.0940444405060197,0.0
1847,0,1,0,0,1,1,0,31,109.26289429297924,1,0,2.5792348461086108,2.5899981630867663
2274,0,0,1,1,1,6,0,29,219.76091800688545,6,1,1.85813138731892,1.953873440084708
2986,0,1,0,0,1,1,1,28,106.45553374546051,1,0,1.4127876349786803,0.5363761689640519
3785,1,1,0,1,1,6,1,32,169.9852483119726,6,1,3.504664552284362,3.686428116450616
3477,1,1,1,0,1,1,0,26,25.958454698284,1,1,2.316723597976981,1.7425936400599973
3736,1,1,0,0,1,1,0,37,247.9638293813684,1,3,0.2757694094442691,0.1085474130874055
257,1,1,1,0,1,6,0,33,264.0094278422361,6,7,1.424129645247488,1.3607336372180487
3469,1,1,0,0,1,1,0,26,132.66190458720527,1,1,2.5838294744140065,1.8790555784911225
1345,0,0,0,0,1,6,0,28,74.24523086047273,5,0,1.1371140169236709,1.5076633330329905
2526,1,1,1,0,0,12,1,28,188.4038652705076,11,1,2.1932326135481857,1.3809423726367671
2361,1,1,0,0,1,1,0,29,87.13120561136442,1,0,0.0,0.0
2252,1,0,1,0,1,12,1,30,67.95028384439402,11,4,2.752367570418788,2.7779435496724143
1124,1,1,1,1,1,12,0,28,281.6881936454972,12,1,0.634576287238487,0.5293061697812009
533,1,1,0,1,1,6,0,27,89.59568360998544,6,9,3.8082568858202657,3.965069996243072
681,0,1,1,0,1,1,1,28,57.8439430805731,1,2,0.6283855144940107,0.6085254921843267
1879,0,1,1,0,1,1,0,24,100.72832397271372,1,7,0.372101281088709,0.4377703148535868
2031,0,0,1,0,1,12,1,32,281.190434108026,12,3,2.79698825221234,2.864824477340234
1877,0,0,0,0,1,1,1,26,159.68200907652113,1,6,1.052411655229352,1.2549389164318046
3955,0,0,1,0,1,1,1,29,33.06134638921007,1,9,1.1874392332039698,1.2212253937478723
3833,0,1,0,0,1,1,1,22,64.20313115994179,1,0,1.3477081277794043,0.0554023718046605
3694,0,0,1,0,1,12,0,27,274.07073587217343,11,3,3.2758686027839805,3.325798292954576
1133,1,1,0,0,1,12,0,31,93.45677599140572,6,8,2.683689881313718,2.552564157297582
2080,1,1,1,1,1,12,0,29,223.87910772488613,11,5,2.726861828208775,2.781323154412995
1911,1,1,0,0,0,1,0,28,101.82871690698676,1,0,1.8003277510690745,1.8712736997529693
206,0,1,1,0,0,12,1,29,271.30395924962664,11,1,1.0554933564818727,0.96800983262611
1397,1,1,0,0,1,1,0,33,65.66626221197033,1,7,1.2716354221123145,1.2334386457493869
3301,0,1,1,0,1,12,1,27,186.7879654181632,11,4,2.280254714215564,2.2940904710260983
2966,1,1,0,1,1,6,1,27,24.91618310265821,6,8,2.917957570613896,3.0186452459556885
20,1,1,1,1,1,12,1,29,73.91754594762952,11,11,1.1413270096198054,1.1584545301683429
172,1,1,0,1,1,12,1,29,149.51840020494063,8,6,2.9694612881720084,3.1500103598951417
149,0,0,1,0,1,6,0,30,208.80618511574767,6,3,3.0416046203876617,3.110076817789317
2198,0,1,1,0,0,1,0,23,20.958724942870475,1,5,0.4945080889695563,0.2215673652124829
2278,0,1,1,0,1,12,0,29,141.80584523448138,12,3,3.233590545308424,3.282858742163371
2811,1,1,1,1,1,12,1,29,335.53914942457385,12,11,2.61374505935837,2.5116030830368685
1267,0,0,0,0,1,1,0,28,175.04698448715305,1,1,1.1405365459295649,0.6473694503122198
3972,1,1,0,0,1,1,0,27,60.63624323322423,1,0,0.7551270745890979,0.0
3285,1,0,0,0,1,1,1,27,124.99985427954188,1,0,0.8090367016539627,0.2232532007753008
2579,1,1,1,0,1,12,0,28,3.97779462752672,11,2,1.528125712194075,1.4345869795693136
2053,0,1,1,1,0,6,1,29,138.0179644638296,6,2,0.0,0.0
3446,0,1,0,0,1,1,0,26,301.7198067817875,1,6,1.7308035507351094,1.6649309746720111
581,1,1,0,0,1,1,1,28,86.51448971003259,1,0,1.141406698593133,0.464967991702603
2749,1,1,0,0,1,1,0,29,174.0560021915527,1,0,1.3566860602151547,0.934886460550286
268,1,1,1,0,0,1,1,27,87.369072783395,1,1,1.6051571893837882,0.5450593795457459
732,1,1,1,0,1,12,1,34,244.8518468221684,9,4,1.2189445529569505,1.2494314685648569
2819,0,1,1,1,1,6,1,27,70.13059664985929,6,1,0.0,0.0660738776186351
272,1,1,1,0,1,1,1,33,22.63539513639585,1,1,1.8193467220878887,1.8038138895384048
131,1,1,1,1,1,12,0,28,243.8207002866404,12,4,0.9152334018950924,0.8502862985811935
276,1,0,1,0,1,1,0,36,304.3332705945562,1,2,3.738860021260305,3.776367611297121
958,1,1,1,0,1,1,1,23,81.20212028036187,1,1,0.1593155217317152,0.0
3769,0,1,0,0,1,12,1,35,178.79730690797925,9,11,2.5240028389071982,2.5255009643838875
2989,0,1,0,1,1,1,0,34,263.30273043547453,1,2,0.6520822563667821,0.7935765995051889
974,0,1,1,1,1,1,0,31,187.3612457644976,1,2,1.7163001814425822,1.7337011187204634
1126,1,1,1,1,1,12,0,34,242.60631069094487,12,9,0.4856367570956743,0.5922316558318648
2575,0,1,1,0,1,12,1,35,1.66205764062245,11,6,1.0414759624250007,0.9818013941826074
1325,0,1,1,1,1,12,1,29,301.03601443065133,11,3,1.9409366225971496,1.953406109450032
3353,1,0,0,0,1,6,0,30,143.36784063009162,6,0,2.8561486273258803,1.4452977498546418
2745,1,1,0,0,1,1,1,26,373.6256187921264,1,4,2.401238269849137,2.3165104607655227
2411,1,1,1,1,1,12,1,37,331.6593794802281,12,2,2.2627428060462025,2.2029696502324883
2685,0,0,0,0,1,1,1,32,8.116398782689338,1,1,1.1966744829090747,1.315196859643638
1823,0,1,1,0,1,12,0,30,127.55576124644222,11,3,0.436682265088302,0.5592727353839669
3905,1,0,1,0,1,1,0,32,88.58310610323385,1,3,0.9864569853132372,0.8737505518480998
3534,1,1,0,0,1,1,0,25,72.2544252646657,1,0,1.9578577729249127,1.238477421945946
3639,0,1,1,1,1,6,0,32,247.0792367058776,6,8,2.136044877443442,2.118594717010017
2475,1,1,0,0,1,1,0,29,55.894549939531686,1,1,1.6051781324425043,0.6653339121933829
217,0,1,1,1,1,12,0,30,109.0796443434009,12,2,3.217037830156635,3.2726783961457384
743,0,1,0,0,1,6,1,33,93.52435609491522,6,4,1.5058453203622957,1.5489735296352145
844,0,1,0,0,1,1,1,34,244.28410645788347,1,2,3.0881050034251807,3.0230964188130733
2303,1,1,0,0,1,1,1,27,133.4049762315199,1,1,2.7240688133329467,2.786146312528704
1952,0,1,1,0,1,1,0,33,161.66118116055085,1,4,2.7128073349072768,2.4797979468321896
3498,0,1,1,1,1,1,0,32,272.63696380286115,1,0,1.3741279720387147,1.202066155844694
2820,1,0,1,0,1,1,0,32,32.502052197854525,1,0,1.3298825858689758,1.4358567909228546
2522,0,1,1,1,1,12,1,30,377.0938276782949,6,5,0.2216884297624735,0.3627424457141967
1449,0,1,1,0,1,12,0,28,217.9396397579041,12,3,0.6981219041984472,0.8044645742784738
260,1,1,1,1,1,6,1,30,9.79178191412946,6,2,2.8443607047453576,2.96915673421588
3766,1,1,0,0,1,6,1,28,156.90784222392753,5,2,4.56888321649385,4.831336242550881
3442,1,1,1,1,1,12,1,27,41.251090505436,8,6,3.5677548089991915,3.4396949328317987
3061,0,1,0,0,1,1,0,32,91.41121349054517,1,2,2.5358429209538818,2.634988825925287
3698,0,1,0,1,1,6,0,31,91.2169229758522,5,11,1.6737452130554389,1.6619478167581454
523,1,0,0,0,1,12,0,30,98.93377584614878,11,4,0.2022164269046158,0.3362446187629551
3561,0,1,0,0,1,12,1,29,363.8613944195943,12,5,3.363988476096073,3.5258272761480867
2142,0,1,0,0,1,1,0,30,320.4764546324312,1,5,1.7021857848817514,1.6570738758153565
2664,1,1,0,0,1,6,0,25,37.17063738760106,4,0,1.9055921734371395,1.6086350613048033
1246,0,0,0,0,1,1,0,23,103.93075384201325,1,1,1.189314707821702,0.887563135008222
3248,0,1,0,0,0,1,1,26,143.57029669280752,1,0,1.5065101032772192,0.0846105945482915
3991,1,0,1,0,1,12,0,33,31.77114703343993,8,10,1.831577300867406,1.9245087682501727
1983,0,0,1,0,1,1,0,21,61.50333009724754,1,1,0.6965846309485663,0.0
3794,0,1,0,0,1,1,1,30,169.01137084506274,1,9,2.537157021157041,2.4518853375074303
1530,1,1,0,1,1,1,0,25,138.30218386311884,1,2,0.4830235975261621,0.3960279942642548
1942,1,1,1,0,1,12,0,26,63.17050998979961,12,3,3.20900959682724,3.3484446249561115
3986,0,1,1,1,1,12,1,29,13.328842846511977,9,2,2.1869400766269407,2.3513171469513283
952,0,1,1,1,1,12,0,24,204.61294994263653,12,2,2.1043314996815106,2.1136347374226627
3041,0,1,0,0,1,12,0,32,131.11467305265785,12,3,1.0958384007009785,1.02450473310303
1192,1,1,1,0,1,1,0,27,114.50303274663484,1,8,1.18848671654958,1.0708770100677
1225,1,1,0,0,1,1,1,31,281.63434495095805,1,0,2.2842606265754624,2.1845274785319906
528,1,1,0,0,1,1,1,25,41.60776777399487,1,1,2.893103844802173,2.81360202088143
807,1,1,0,0,1,1,0,23,215.9300032029624,1,4,1.2839452903999964,0.5998890823237302
227,1,1,1,0,1,1,1,32,207.1662091098285,1,3,2.9548077365200607,2.9696108724575923
1892,0,1,1,1,1,12,0,29,357.0122473307043,12,1,0.5600127486203852,0.6797587772385846
3332,0,1,1,1,1,1,1,31,176.58953059304963,1,4,1.4181843810054595,1.3634704173950232
2785,0,1,1,1,1,6,0,30,63.71971092561957,5,3,0.0362620972576015,0.0
1151,0,1,0,0,1,1,0,27,93.00636502945773,1,1,1.7778510946045814,2.3472468835139475
3039,0,1,0,0,1,1,0,30,311.91508755962815,1,3,1.5766648388508335,1.6266433381767924
2555,0,1,0,0,0,1,0,29,54.507029938959725,1,3,1.832083153271096,1.2365771732635835
1954,0,1,1,1,1,12,0,31,259.26030778907244,11,1,0.849582346699125,0.8764143069610283
2764,1,1,0,0,1,1,0,26,48.856369880486966,1,1,0.4058209846874219,0.0
132,1,1,1,1,0,1,0,32,161.47406989868878,1,0,1.7009807840654572,1.3408570516149736
3037,0,1,1,1,1,6,0,31,54.86981361656167,6,5,1.9660738069975296,1.9967549593235687
2125,1,1,0,0,0,12,1,27,91.841060010592,12,1,2.162513055701025,2.1770300314335964
3710,1,1,0,0,1,1,0,28,218.9793210101596,1,1,1.3981459291021971,0.6555554825077692
2639,0,1,1,0,1,1,0,28,112.04563860638063,1,2,0.5074111340310995,0.482976300587539
96,1,1,0,0,1,6,0,25,101.70260431483764,5,0,0.6698056577616651,0.363487178436626
848,0,1,0,0,1,6,1,30,184.7230306346789,6,8,2.532587238742805,2.6248640801791296
3787,1,1,1,1,1,6,0,24,20.977590030783123,6,5,1.6974206190558183,1.6652490216914462
1031,0,1,0,0,1,12,0,27,79.84522427742365,12,0,1.0079479250833887,1.0337781056411504
851,1,1,0,0,1,1,0,26,134.6994102859598,1,2,1.0107677611735313,1.5055284156238005
2282,1,1,1,0,1,1,0,31,204.588644463828,1,2,1.565315070564777,1.5049967152972832
1018,0,0,0,0,1,12,1,24,274.5614991855627,7,11,1.2096509635358197,1.2405015030551765
2048,1,1,1,0,1,6,1,34,275.425982501504,6,1,1.916781950771849,1.9462852965463096
2012,1,1,0,1,0,12,1,24,129.83334478773315,12,4,0.7250231017347564,0.7962141003758217
3872,0,1,1,1,0,1,0,31,127.80173239259555,1,3,2.6329024959610856,2.7054218572901823
3063,0,1,0,1,1,1,0,24,149.50789165573804,1,1,0.4294325860216429,0.0
1469,0,1,0,0,1,1,0,33,108.06624235806476,1,9,0.0,0.0
3743,0,1,1,1,1,12,1,31,166.22082868938205,4,2,2.6548682332427216,2.623629632751136
2222,1,1,1,1,1,12,1,31,93.414233529603,10,3,0.7611205802072745,0.8013192304047614
2494,0,1,1,0,1,12,0,29,69.40725016502259,10,9,3.5298871881617586,3.5469058672573626
2409,0,1,0,0,1,1,0,33,24.99111352392777,1,2,1.0838587399398252,1.1468189028553295
1258,1,0,1,0,1,6,0,35,159.49152619401286,6,2,3.316785876930532,3.2669595725532923
1315,0,1,1,0,1,12,0,29,74.04354080515515,11,7,0.2847090664465199,0.3168863821395813
2905,1,1,0,0,1,1,0,31,207.216463566505,1,6,1.7251140802175733,1.6162784800834211
2128,1,1,1,1,1,12,1,33,274.32697343979663,11,3,1.5971095122924703,1.5283354232787354
364,1,1,1,0,1,12,1,28,401.72108163790887,12,3,1.9942820356028976,1.815132608105884
3720,1,1,0,0,1,1,1,25,67.54339095080279,1,0,1.8504870591264488,1.0575989047127825
1707,1,1,1,1,1,1,0,31,83.44448096123844,1,1,1.3764713641888506,1.3563794009851484
1242,0,1,0,0,1,1,0,27,19.09303526925716,1,2,1.0738754982240892,1.3008983327812869
953,1,0,0,0,1,1,0,31,80.9073366403753,1,0,2.6282557206515755,2.5930920259648347
1368,1,1,0,0,0,1,0,27,319.3403417635735,1,11,2.7540962159104816,2.8546881208423898
1902,1,1,0,0,1,12,1,28,31.006722472183604,12,5,2.7066951827004693,2.524897983170403
1526,1,1,1,1,1,1,0,33,113.06648836737295,1,9,1.0122935186975126,0.9693072574419108
3647,1,1,1,0,1,6,1,27,72.34124939627056,6,0,0.2820929331256008,0.0
1316,1,1,0,0,1,12,1,31,293.9504650664701,11,11,2.0009118135863435,1.911062928457248
963,0,1,1,1,1,6,1,27,37.679740507909386,6,11,0.7628655358055139,1.010568848086142
944,1,1,1,0,1,1,0,28,65.3011863314245,1,1,2.6597549634417184,1.5159539187733138
858,0,0,0,0,1,1,1,31,93.6076108400538,1,6,3.91425566850796,3.961001939212495
1653,0,1,0,0,1,1,0,34,73.61050170880247,1,6,2.7726060678979034,2.8868698094398977
1988,0,1,0,0,1,6,0,35,166.56820423947997,6,3,0.7141129514789537,0.7393247649246556
1538,1,1,0,0,1,1,1,28,259.4925392993812,1,1,2.694437348628925,2.804686480795496
2,0,1,0,0,1,12,1,31,113.2029376510582,12,7,1.9229360550418195,1.9102435215196407
2064,0,1,1,0,1,12,0,32,424.07081667113033,12,2,1.073820590612076,1.0658854220697092
2443,1,1,0,0,1,12,0,27,232.65837638374623,6,2,0.9360818645750508,0.9939559985887207
820,1,0,1,0,1,1,0,33,93.77860345256892,1,3,1.4268087984908029,1.422600935295218
1137,0,1,1,1,1,12,1,26,21.18099992408479,8,4,1.6083794637060016,1.6526580177955472
2792,0,1,1,0,1,1,0,25,273.5541217139201,1,2,2.3477594291338493,2.1739556557444053
1750,1,1,1,1,0,12,1,26,224.46359820025043,10,3,2.572977505526599,2.4442865534418603
3150,1,1,1,0,0,12,0,36,121.40472330921487,12,3,2.156024554868964,2.200048430980333
3622,1,0,0,0,1,12,0,28,351.6337919164846,12,3,2.1765539279490667,2.17991264609627
1728,1,1,1,0,1,1,1,28,98.68214946527486,1,11,2.413708391451152,2.6778509859092763
3366,1,1,0,0,1,1,0,27,174.7884567929443,1,0,0.468664907032627,0.9019194955469896
654,1,1,0,0,1,6,0,28,264.8428070832699,6,3,2.875982037363024,2.8494065459525846
804,1,0,0,0,1,1,1,23,125.35134141182924,1,1,1.5704691480347972,1.2935568518618563
2225,1,1,1,0,1,12,1,30,7.994521114316613,12,11,1.4809925111976718,1.4180657000434622
779,0,0,0,0,1,1,0,26,2.0295612241212098,1,1,0.2410998682805769,0.0
1181,1,1,1,1,1,1,0,30,232.30950348664672,1,3,0.938671800933004,0.8889955061600215
304,0,1,1,1,1,1,1,25,5.764080608692979,1,1,1.5187958941592907,1.9178718910166608
1568,0,1,1,0,1,1,0,28,174.94069396988723,1,11,1.8608599712084035,1.708781757920938
3565,1,0,1,0,1,1,0,28,210.2992128271653,1,1,1.6647270205365254,2.0745086545363054
555,0,1,0,0,1,1,1,29,154.93646554913738,1,1,2.4081097039540484,2.2751679444783743
989,1,1,0,1,1,12,1,30,140.98675852112308,10,4,2.3182739146352938,2.349477203259809
2307,1,0,1,0,1,12,0,28,57.23835630942688,12,4,2.392317473010648,2.4636181043579763
2082,0,0,0,0,1,1,0,32,93.01420598572456,1,4,1.2490326892237495,1.0000305519446169
3097,0,1,0,0,1,1,0,31,133.2095788837479,1,3,0.0,0.0
2984,1,1,0,0,1,1,0,29,75.53808544327066,1,0,1.700321479327499,1.2830605143438842
3571,0,1,1,1,1,6,0,26,6.038435983615643,6,1,1.587778933673738,1.6556469741686128
2988,0,1,0,0,0,6,0,29,55.53736379957958,6,3,2.7667922231097104,2.8587384759302448
3327,1,1,0,0,1,12,0,32,88.49456197528093,12,2,2.4264440652125665,2.20155755754562
159,0,1,0,0,1,1,0,29,34.99031404544924,1,0,0.7213526713929127,0.9312736978082226
3109,1,1,0,0,1,1,0,23,202.25881226356023,1,0,1.4679653944802329,1.2098590420926685
2027,1,1,0,0,1,12,0,32,221.3088236809673,9,7,2.3224930737477774,2.175394003021592
898,1,1,0,0,1,12,0,31,116.05408247589642,10,11,2.3787478129857456,2.3073117793700617
3437,0,0,0,0,1,6,0,34,326.20459816502995,5,2,1.0993344706164518,1.0518724778250166
1542,1,1,1,0,1,6,1,30,229.89588553109647,6,2,1.12497407924656,1.1781629280743615
1297,0,1,1,1,1,6,0,26,194.80395882578264,6,3,3.438665997316339,3.5553153709214333
3249,0,1,1,1,1,12,0,30,166.68704205761716,12,1,3.512903455899858,3.389524731204468
1156,0,1,1,0,1,6,0,27,179.960363089071,6,5,4.1216676934414265,4.181416711335984
2808,1,1,1,1,1,1,0,28,152.25655389025889,1,7,0.5473369917628537,0.6688969022791985
1301,1,1,0,0,1,1,0,32,241.2141231558089,1,1,0.0,0.0
2428,0,1,1,1,1,12,1,28,108.2271129661975,10,6,3.018430528474921,3.0645509467044296
2453,0,1,0,0,1,1,1,25,19.578447813450524,1,3,0.4565235340875121,0.0
2681,0,0,1,0,1,6,0,33,181.0317045438541,5,4,2.447197442522662,2.6365020702614914
2055,0,0,0,0,1,1,0,29,11.57367528072838,1,1,1.5525545769827225,0.8316568422774107
3569,1,1,0,0,1,12,0,26,6.3730215689676015,12,1,1.5568761481864166,1.51356408726487
3907,1,1,0,0,0,1,0,30,193.74897670785447,1,2,1.1593904495458058,1.1301102602301756
2553,1,1,1,1,1,12,0,28,257.17638986147944,7,11,3.2831309094324945,3.210570790162089
1633,0,1,1,1,1,1,0,27,228.1960585130668,1,0,1.7609842200708972,1.3455325368246098
2291,1,1,1,0,1,6,0,29,357.73880278242723,6,3,2.7871263461710005,2.809694687875516
2164,0,1,0,0,1,1,0,30,192.6911041431129,1,2,0.6930152179383011,0.8165011713692303
3209,1,1,1,1,1,12,0,26,218.2067708828048,9,11,1.9264750389365468,1.98287189003692
872,1,1,0,0,1,6,1,31,263.4142856906876,4,1,1.2589934649680077,1.3147775977239282
3664,1,1,0,0,1,12,1,27,334.4726562273314,7,0,3.6848758219547504,3.672932590812016
3893,1,1,1,0,1,1,0,26,424.07081667113033,1,1,2.624927715131608,2.718264174199497
3918,1,1,1,0,0,12,0,33,205.4966105087761,12,2,0.5430049925141467,0.566155580042234
758,0,1,0,1,0,6,1,37,215.78690470073505,4,4,1.9539302487023265,1.9183866848424616
2463,1,0,1,0,1,1,0,32,84.28256099823827,1,5,2.0367428442860533,2.2496591632462204
2602,0,1,0,0,1,1,0,28,80.89394773696569,1,2,0.5470463353446405,0.3182899026448061
3716,0,1,1,0,1,12,1,31,136.7500381458801,12,6,3.814766281815794,3.723900148458199
1833,0,1,1,1,1,12,0,29,102.58120723641424,12,1,2.5586379575770706,2.6756829735503502
3480,0,1,1,1,1,1,0,31,107.68806143265994,1,1,1.9527462673811888,1.9044084086136253
3381,1,1,0,0,1,1,1,29,185.2706583223064,1,0,1.2926176834048015,0.5557374193388269
1143,1,1,0,0,1,1,1,24,212.0934486227341,1,0,2.0957687452989933,1.4823200238809664
800,1,0,1,0,1,1,0,25,145.74255064230698,1,0,1.558681127703858,1.844258521105908
839,0,1,0,0,1,1,0,30,108.81046040220345,1,1,1.478378998850454,1.6991286907006424
3465,1,1,0,0,1,1,0,26,332.0022124310275,1,3,2.0888837467375345,2.158351290003765
3089,1,1,1,0,1,12,0,27,337.58808581146087,12,3,3.917562527940764,3.860355976140087
889,1,1,1,1,1,6,0,32,131.51536084019958,5,2,2.338527728662787,2.3501049704210994
3125,1,1,1,1,1,6,1,28,168.1653575817181,6,4,2.21553982281005,2.1060491928938707
1950,0,1,0,0,1,12,1,28,213.7632301179769,12,11,2.6664769706097613,2.6198916523063094
726,1,0,0,0,1,1,0,27,70.44682145187075,1,0,0.235155187728677,0.0
2436,1,1,1,1,1,1,0,27,8.900123835732902,1,10,2.10905667483338,2.1203975587837607
3608,0,1,1,1,1,12,1,27,162.21924506461966,12,5,0.9959345375641266,0.9639098486729828
452,0,1,1,0,1,6,1,34,61.72677815132816,5,6,2.544738359898256,2.565071508292593
2465,0,1,1,1,1,1,1,28,315.1752672055362,1,11,2.624156861161451,2.4974966205629983
1303,1,1,1,1,1,12,1,27,206.55779203243875,12,2,1.7744786583832317,2.044339687271484
537,1,1,1,1,1,12,1,28,96.10546381943529,12,6,1.077655714999004,1.1013131867210308
605,0,1,1,1,1,12,0,33,209.586262826264,4,3,1.8578791127978,1.9026935723779843
927,1,1,1,1,1,12,0,30,293.59003001557545,12,1,1.1656649732704905,1.3160543826641709
2325,0,1,0,0,1,1,1,28,144.16861114694694,1,1,1.8861275568575728,1.0627131073916891
507,0,1,1,1,1,1,1,34,40.92645527181149,1,4,3.34121775109771,3.3057677349739314
278,0,1,1,1,1,12,1,35,302.878534738432,9,4,4.56888321649385,4.7330590768749605
534,1,1,1,1,1,12,0,30,184.2277468021257,12,11,3.629763287112119,3.5769715698998272
3395,1,1,1,0,1,1,0,32,110.04989358103408,1,1,2.3228655233069504,2.2223646692270647
3162,1,1,1,1,1,1,0,35,282.39843646056687,1,3,2.276138868636856,2.2097276678951694
3585,1,1,0,0,1,1,1,28,225.52894735720665,1,2,1.9213300560375115,1.998263923553875
2214,0,1,1,0,1,12,0,29,69.7507555190577,11,2,1.0919182233365603,1.0510779540525514
1612,0,1,1,0,1,1,1,30,291.30211250435667,1,4,0.3694775283910905,0.398441010155775
2458,1,1,1,0,1,1,1,30,94.70146973990644,1,0,1.8837771033369075,1.2041432240819052
2738,0,1,0,0,1,1,0,28,95.8220157416242,1,0,2.0005564030268217,1.4615814669472167
212,1,1,0,0,1,1,1,25,139.98469206376043,1,0,2.3757179001620514,1.831001797879868
1354,1,1,1,1,1,12,0,28,175.02468671208226,12,4,0.8108369050954536,0.7989884285781953
1563,0,1,1,1,1,6,1,30,239.28879376053985,4,2,3.7141188404852254,3.652659743444382
3724,0,1,1,0,1,1,0,34,52.73343816803806,1,11,1.5931248794559376,1.5059001965542174
1248,1,1,1,1,1,12,0,37,337.05510144541785,12,6,1.5951390153339573,1.707451594855549
1081,1,1,0,0,1,1,0,26,404.786207360004,1,7,3.1250385316340923,3.158201540168548
2230,1,0,1,0,1,6,0,28,103.87728375523098,6,2,1.7044447835423664,1.6703064291373633
3076,0,1,1,1,1,1,0,28,211.26641555297545,1,4,1.6093200125702198,1.7994518898806444
218,1,1,0,0,1,12,0,31,252.64357646352056,8,4,2.7106714522841977,2.6964327813728857
2435,1,1,0,0,1,1,1,28,154.1628620751259,1,1,2.1528670980120967,1.7396069789887094
2375,0,1,1,1,1,12,0,32,248.4249204680892,11,0,1.889913099340716,2.025784911199337
3950,1,0,1,0,1,1,0,27,146.38370559564785,1,0,1.1510480719775211,0.8481427382846229
677,1,1,0,0,1,1,0,25,16.942102977533626,1,0,0.5015661863168513,0.7930117688259906
2926,1,1,1,1,1,12,1,35,125.86379771015476,12,4,0.0643430221319385,0.1278576368803539
2001,1,0,1,0,1,12,1,33,206.0613148899332,12,1,3.47535997653969,3.3459283230503387
2184,1,1,1,1,1,6,1,27,0.1482047884566242,6,0,0.2602008278592247,0.0
3775,0,1,1,0,1,12,0,32,7.231454178084108,12,2,3.469823437383881,3.5052618897655163
3707,1,1,1,1,1,1,0,29,0.3621530981063579,1,3,2.994456932379359,2.8101339237488263
3443,0,1,1,1,1,12,1,26,23.6208839813812,12,10,2.9097120674155814,2.906149639471661
2534,0,1,0,0,1,1,0,30,89.54119747824184,1,1,1.8559659385824911,0.3024842794329681
1583,1,0,0,0,1,1,0,35,167.33706157685208,1,3,3.24829990647044,3.154535526209985
177,0,1,1,1,1,12,0,31,327.58812027967014,7,3,0.6749528874249242,0.7409735444788941
2281,1,1,0,0,1,1,0,29,153.50816808676635,1,2,2.6722109841789305,2.5924396937378487
1756,0,1,1,1,1,12,0,30,192.099318020306,12,8,2.5346341939112937,2.555264344754708
3131,1,1,0,1,1,12,0,29,0.2516057215197094,12,7,1.3041489297360576,1.2260577350828206
1521,1,1,1,0,1,12,1,30,105.42264463481123,5,2,2.5614565788104446,2.60360196796256
1845,0,1,1,1,1,12,1,30,270.3463020649923,12,2,0.1143339952978666,0.0323483947775662
3484,0,0,0,0,1,1,0,32,91.21212358791036,1,2,3.824878187652304,4.029924727580919
3393,1,1,0,0,1,1,1,34,9.434824742919432,1,3,2.417473164896601,2.3667183445610407
3825,1,1,1,0,1,12,0,33,3.351133579333564,11,1,1.3167585652387226,1.2128605286106593
919,0,1,0,0,1,12,1,33,161.53532327054938,9,1,3.6086748663086334,3.554158958236955
2994,0,0,0,0,1,1,0,37,197.86792062059345,1,2,1.7407017428366132,1.8605076689911373
1687,1,1,0,0,1,1,0,29,257.66087890491417,1,1,2.7098574790994605,1.4187030914677017
2293,0,1,0,0,1,12,1,35,137.05158052055813,12,1,2.6499247270730244,2.4019705500746404
1319,0,1,1,1,1,6,1,28,202.4332096021656,6,1,2.6217910534318976,2.387057878224093
25,0,1,0,1,0,6,0,27,179.55545728024344,6,6,3.393160619358797,3.2825153464860963
1387,0,1,1,1,1,12,1,29,44.36487322667488,12,4,2.3573677197849183,2.369013947618352
3642,0,1,0,0,1,1,0,30,136.2189635496585,1,0,1.42007162675207,1.3649099217878566
2720,0,0,0,0,1,1,1,21,131.97896965443752,1,1,0.1692542855493948,0.0243414415886965
1518,0,1,1,1,1,1,0,34,280.18949309903223,1,2,2.793179874079083,2.7245810165735604
2594,0,1,0,0,1,12,0,32,113.71406901112162,9,8,2.964730763755429,2.911843065215052
3593,1,1,1,1,1,12,1,25,203.3508544774926,12,4,1.2151713021490944,1.152487234397584
1300,1,1,1,0,1,12,0,25,185.05580114493253,12,1,2.228788566687036,2.2705703564800843
2280,1,1,0,0,1,1,1,32,240.52713036453343,1,2,2.231345010183689,2.267857736643984
2609,0,1,0,0,1,6,0,31,89.61179662687452,4,10,1.3549289786364325,1.3442484409388942
2452,1,1,0,0,1,6,0,24,85.4482243452192,6,1,1.272569770090738,0.6864815921183905
2063,1,1,1,0,1,1,1,34,170.2636937510836,1,4,3.7830560046903066,3.746069270377358
139,0,1,1,1,1,12,0,29,10.804310442202306,12,2,1.5870116110503345,1.5952250029862822
506,0,0,1,0,1,1,0,31,89.53706164603625,1,7,1.626797146046976,1.5726310612677157
1043,0,1,1,1,1,1,0,31,44.852110464178175,1,3,1.7334016305719226,1.4827570164640929
620,1,1,0,0,1,1,0,28,37.89273246980474,1,0,0.9720134414409832,0.8689731482485616
1446,0,1,1,1,1,6,1,32,48.69695837364488,3,4,1.2316610050432462,1.3641375953079975
108,0,1,1,1,1,12,1,34,114.96079547186244,9,1,2.6427719703469594,2.492826314363076
3173,1,0,1,1,1,1,0,30,291.72271633686483,1,1,1.7750563850994858,2.066395315525369
1015,1,1,0,0,1,1,1,37,76.26397153099406,1,2,2.4693133944853645,2.4026405378082987
453,1,1,0,1,1,1,1,27,81.8440498585637,1,0,1.223972334302892,0.3333885851868579
691,0,1,0,0,0,6,0,28,103.75830286490894,6,5,0.5063501664796586,0.4361552529368948
2091,1,1,1,0,1,1,0,33,267.0834261514069,1,4,1.930005169123865,2.0442780416324533
806,0,0,0,0,1,1,0,29,147.43538881641345,1,2,3.005823971877009,2.951396674691835
2133,1,1,0,0,0,1,0,25,62.3064447312261,1,0,2.1315318202990845,2.10923635025396
1659,1,1,0,1,1,12,1,25,117.43491868004976,12,3,1.259998508047876,1.34939172723292
2223,1,1,1,1,1,12,0,29,59.041552313092296,12,3,2.4825983855827296,2.4522088953730146
429,1,1,0,0,1,1,1,29,38.38471552065799,1,7,2.676649685173261,2.4458049973228264
2406,0,1,0,0,1,6,1,23,38.69528622292885,6,0,1.1146065065654898,0.5053215559749344
2404,1,0,1,0,1,12,1,31,5.428028898494363,12,4,2.911785628189885,2.7833316821433245
2599,0,1,1,0,1,1,0,31,15.356372115950306,1,1,1.5436895950951626,1.544273134967151
3913,1,1,1,1,1,12,1,29,194.3831646796184,8,1,4.545335192003546,4.525254665502667
3557,0,1,1,0,1,1,1,30,272.3779354391009,1,1,0.1523211344309256,0.2778830947946932
3799,1,1,1,1,1,12,1,31,173.5511302976902,5,3,3.0001626013317138,3.111820360755127
282,0,1,0,0,1,6,0,29,61.658825727238906,6,8,0.4057144226374647,0.2949209193349389
2305,1,0,1,0,1,12,0,31,55.09299271380669,9,2,3.4040923278106474,3.4947763027132823
3890,1,1,1,1,1,12,0,26,85.32573271538796,3,4,1.766439401394429,1.6757912260736731
1910,1,1,1,0,1,1,0,33,51.28456656235029,1,11,2.882010125375952,2.665559821909312
1645,1,1,1,1,1,12,1,28,135.2300915330788,12,6,2.2027369831039514,2.049140287134267
2277,0,1,1,0,1,12,0,29,424.07081667113033,12,8,3.6533273634898,3.539171260808088
2089,0,0,0,0,1,12,0,26,208.131792308634,12,2,0.6258522454791888,0.0872781945500406
881,1,1,0,0,1,1,0,27,223.0770265134266,1,1,3.47442826887,3.5814259790832588
1380,1,1,1,0,1,1,0,28,235.662350698482,1,1,1.972279082935077,1.90152133963858
445,0,1,1,1,1,6,1,33,126.26341337702615,5,11,2.346198909197937,2.501319643285444
3735,0,0,1,0,1,6,0,31,293.85146551824766,6,4,2.392453905850388,2.4223453680749527
1078,1,1,0,0,0,1,1,31,342.1125579154743,1,10,1.7345026176811893,1.7882945702554656
2696,1,1,1,1,1,6,1,30,160.52171726498838,3,8,1.180913334900349,1.1456392935105548
2178,1,1,1,1,1,12,0,25,9.054828242223692,9,3,1.0600144242876604,1.0048360357612391
2977,0,1,0,1,1,12,0,25,234.9427905395784,12,4,2.2335456382203587,2.126234954738386
46,1,1,1,0,1,6,0,29,139.34952378010922,6,8,1.391037096478528,1.3544371854288566
1090,1,1,1,1,1,12,1,32,173.9153488556863,10,1,1.309502186063776,1.26571094768532
1023,1,1,0,0,1,1,0,29,50.50142704436972,1,1,1.4840683950188247,1.173777902212741
1196,1,1,0,0,1,6,0,33,173.46431196182837,3,5,3.994193536516807,4.014588916381742
1555,0,1,1,1,1,6,1,26,373.247886460204,4,5,0.505485272687902,0.3899500133445985
903,0,0,0,0,1,1,0,31,71.47910800529985,1,4,4.56888321649385,4.482544624234039
2270,0,1,1,1,1,12,0,32,22.94699672855137,12,1,2.024992266592596,2.0601206997511223
3641,0,1,0,1,1,12,0,28,122.97172688617276,12,3,1.3139292622278569,1.4627390022202125
929,0,1,0,0,1,1,0,30,269.84706484184693,1,1,2.985722840392723,3.017419254757964
3880,0,1,1,0,1,1,1,34,92.43200584140943,1,9,3.092172614433641,3.0186286325282827
3240,0,1,1,1,1,6,0,31,190.4271570692275,6,4,1.2044397887331515,1.0730368229104952
1668,0,1,0,0,1,6,0,33,157.82350509456643,6,1,1.4097991196128017,1.4500282397248645
1516,0,0,1,0,1,1,0,34,199.9308189806341,1,2,2.1177441563736865,2.083043670142198
1049,1,1,0,0,1,12,1,34,112.88942529434284,12,1,1.1373377570431231,1.1151631406368696
1769,0,1,1,1,1,1,0,29,89.91202181925794,1,0,2.099990330441736,1.5909351944686592
1482,0,1,0,1,1,1,1,31,25.81885731341528,1,3,0.6613172231799491,0.7728982198853843
775,0,1,1,1,1,1,1,30,210.99541233456227,1,6,3.1807245400449338,3.19209474221062
3161,1,1,0,0,1,1,1,37,11.378760075966325,1,4,3.4440015046160184,3.3994105266453416
183,0,0,0,0,1,1,0,28,56.183114648977785,1,3,2.8965154092694085,2.9748115043408827
1036,1,1,0,0,1,1,0,30,122.87642857489251,1,2,2.3120624317954976,1.7740618257333058
1773,0,1,1,1,1,12,1,27,153.07601869924684,12,8,2.259230007245767,2.2842212809272264
3351,0,1,1,0,1,6,0,28,137.7438004137748,6,2,1.2404708567509557,1.383923919976496
2107,1,1,0,0,1,1,0,24,101.94383794052952,1,2,0.2927043199092649,0.0
2365,0,1,0,0,1,1,0,29,311.18718681096647,1,1,1.9914064058362888,1.9840922221990407
3481,1,1,0,0,1,1,1,32,181.4995063999707,1,5,3.1325753519032595,3.1898986887021588
1164,1,1,1,0,1,12,1,28,21.945122991427468,12,3,0.0,0.0209663261354782
2562,1,1,0,0,1,6,1,23,7.218641618811588,6,0,2.5881364232459703,2.340501795994716
1190,1,1,0,0,0,1,1,31,271.6880871724237,1,1,0.7465827227083921,0.6429231841389637
3656,0,1,0,0,1,1,0,29,106.77783154917796,1,1,1.7647017086630417,1.2866778869109954
1621,1,1,0,0,1,6,0,32,202.33012089390783,6,5,1.627376358450386,1.5050956316728428
400,1,1,1,0,1,6,0,28,145.72695493646592,6,7,1.6930988167985055,1.5824973444473045
1589,0,1,1,0,1,1,0,26,197.1667874003609,1,5,1.5002882649236309,1.4647848534944965
2523,1,1,0,0,1,1,1,21,42.72150190839385,1,1,2.5076539063128984,2.8125033483305955
2759,1,1,1,0,1,6,0,27,151.97167138942248,6,4,2.0621162523800667,1.9984980740756564
2422,0,1,0,0,1,6,1,32,69.46089341690289,6,4,0.8934094568035096,0.7523537773883522
3770,0,1,1,1,1,12,0,31,78.27333857851222,9,0,1.3921474748532452,1.5856672742380074
1413,0,0,1,0,1,12,0,32,22.752014072659662,11,8,1.68265735111557,1.6812756255585943
3212,0,1,1,0,1,6,0,29,50.5206112942493,5,11,0.239958274833147,0.3340948201491426
3618,1,1,1,1,1,12,0,31,284.1227327396685,11,2,1.4730187372671086,1.5221577932381405
